{"Accuracy":{"0":0.9832214765},"F1_score":{"0":0.9830906876},"Recall":{"0":0.9832214765},"Precision":{"0":0.9833809103}}