{"Accuracy":{"1":0.9832214765},"F1_score":{"1":0.9830906876},"Recall":{"1":0.9832214765},"Precision":{"1":0.9833809103}}